Model,LB_Statistic,p_value,Residuals_Clean
ARIMA_Auto,20.157057100015557,0.6878104426201825,Yes
ETS_Auto,48.13525447509818,0.002428567617315247,No
TSLM,627.0167247262788,0,No
