.model,RMSE,MAE,MAPE
TSLM,28.4506863379254,24.30878925530554,38.96934738079314
ARIMA_Auto,30.390962434288557,26.354471999391013,41.974759047587064
Ensemble,30.58778304144284,26.428321162104773,42.15433772856835
ETS_Auto,33.004875244122836,29.10065382653448,46.006894563499465
